feature,importance
had_positive_outcome,0.4854357058049428
funnel_No Successful Contact,0.22577451572025597
call_efficiency,0.10441889674282345
funnel_Documents Submitted,0.10035325433890878
previous_failed_attempts,0.035578000092454556
funnel_Enrolled/Committed,0.031759260504773054
campaign_duration_days,0.016680366795841436
